SERVICE_TYPE,USAGE_DATE,CREDITS_USED_COMPUTE,CREDITS_USED_CLOUD_SERVICES,CREDITS_USED,CREDITS_ADJUSTMENT_CLOUD_SERVICES,CREDITS_BILLED
AUTO_CLUSTERING,2026-06-16,0.001528708,0.000000000,0.001528708,0.0000000000,0.0015287080
CORTEX_CODE_SNOWSIGHT,2026-06-16,0.384603610,0.000000000,0.384603610,0.0000000000,0.3846036100
PIPE,2026-06-16,0.000000000,0.000000000,0.000000000,0.0000000000,0.0000000000
TELEMETRY_DATA_INGEST,2026-06-16,0.000061242,0.000000000,0.000061242,0.0000000000,0.0000612420
TRUST_CENTER,2026-06-16,0.789218432,0.000000000,0.789218432,0.0000000000,0.7892184320
WAREHOUSE_METERING,2026-06-16,71.310833288,2.488908611,73.799741899,-2.4889086110,71.3108332880
AUTO_CLUSTERING,2026-06-17,0.001727567,0.000000000,0.001727567,0.0000000000,0.0017275670
PIPE,2026-06-17,0.000000000,0.000000000,0.000000000,0.0000000000,0.0000000000
TELEMETRY_DATA_INGEST,2026-06-17,0.000006484,0.000000000,0.000006484,0.0000000000,0.0000064840
TRUST_CENTER,2026-06-17,0.850511339,0.000000000,0.850511339,0.0000000000,0.8505113390
WAREHOUSE_METERING,2026-06-17,73.031388848,2.649581999,75.680970847,-2.6495819990,73.0313888480
AI_FUNCTIONS,2026-06-18,0.303958800,0.000000000,0.303958800,0.0000000000,0.3039588000
AI_INFERENCE,2026-06-18,0.049969500,0.000000000,0.049969500,0.0000000000,0.0499695000
AI_SERVICES,2026-06-18,1.876000000,0.000000000,1.876000000,0.0000000000,1.8760000000
AUTO_CLUSTERING,2026-06-18,0.004463265,0.000000000,0.004463265,0.0000000000,0.0044632650
PIPE,2026-06-18,0.000000000,0.000000000,0.000000000,0.0000000000,0.0000000000
SNOWFLAKE_INTELLIGENCE,2026-06-18,0.680870620,0.000000000,0.680870620,0.0000000000,0.6808706200
TELEMETRY_DATA_INGEST,2026-06-18,0.000043578,0.000000000,0.000043578,0.0000000000,0.0000435780
TRUST_CENTER,2026-06-18,0.837880059,0.000000000,0.837880059,0.0000000000,0.8378800590
WAREHOUSE_METERING,2026-06-18,75.859166617,2.804096042,78.663262659,-2.8040960420,75.8591666170
AI_FUNCTIONS,2026-06-19,0.111090450,0.000000000,0.111090450,0.0000000000,0.1110904500
AI_INFERENCE,2026-06-19,0.003207000,0.000000000,0.003207000,0.0000000000,0.0032070000
AI_SERVICES,2026-06-19,1.139000000,0.000000000,1.139000000,0.0000000000,1.1390000000
AUTO_CLUSTERING,2026-06-19,0.000972692,0.000000000,0.000972692,0.0000000000,0.0009726920
CORTEX_AGENTS,2026-06-19,7.107275140,0.000000000,7.107275140,0.0000000000,7.1072751400
CORTEX_CODE_SNOWSIGHT,2026-06-19,0.107790660,0.000000000,0.107790660,0.0000000000,0.1077906600
CORTEX_SEARCH,2026-06-19,0.000003207,0.000000000,0.000003207,0.0000000000,0.0000032070
PIPE,2026-06-19,0.000000000,0.000000000,0.000000000,0.0000000000,0.0000000000
TELEMETRY_DATA_INGEST,2026-06-19,0.000403927,0.000000000,0.000403927,0.0000000000,0.0004039270
TRUST_CENTER,2026-06-19,0.873189750,0.000000000,0.873189750,0.0000000000,0.8731897500
WAREHOUSE_METERING,2026-06-19,62.825555521,2.319561162,65.145116683,-2.3195611620,62.8255555210
AUTO_CLUSTERING,2026-06-20,0.000128611,0.000000000,0.000128611,0.0000000000,0.0001286110
CORTEX_SEARCH,2026-06-20,0.000004746,0.000000000,0.000004746,0.0000000000,0.0000047460
TRUST_CENTER,2026-06-20,0.834498718,0.000000000,0.834498718,0.0000000000,0.8344987180
WAREHOUSE_METERING,2026-06-20,53.004166644,2.059608409,55.063775053,-2.0596084090,53.0041666440
AI_FUNCTIONS,2026-06-21,0.033186600,0.000000000,0.033186600,0.0000000000,0.0331866000
CORTEX_AGENTS,2026-06-21,1.155190290,0.000000000,1.155190290,0.0000000000,1.1551902900
CORTEX_SEARCH,2026-06-21,0.000004737,0.000000000,0.000004737,0.0000000000,0.0000047370
PIPE,2026-06-21,0.000000000,0.000000000,0.000000000,0.0000000000,0.0000000000
TELEMETRY_DATA_INGEST,2026-06-21,0.000064413,0.000000000,0.000064413,0.0000000000,0.0000644130
TRUST_CENTER,2026-06-21,0.840908753,0.000000000,0.840908753,0.0000000000,0.8409087530
WAREHOUSE_METERING,2026-06-21,51.363611081,2.224529825,53.588140906,-2.2245298250,51.3636110810
AI_FUNCTIONS,2026-06-22,0.101788200,0.000000000,0.101788200,0.0000000000,0.1017882000
AI_SERVICES,2026-06-22,3.685000000,0.000000000,3.685000000,0.0000000000,3.6850000000
AUTO_CLUSTERING,2026-06-22,0.001557089,0.000000000,0.001557089,0.0000000000,0.0015570890
CORTEX_AGENTS,2026-06-22,9.983282670,0.000000000,9.983282670,0.0000000000,9.9832826700
CORTEX_SEARCH,2026-06-22,0.000004745,0.000000000,0.000004745,0.0000000000,0.0000047450
PIPE,2026-06-22,0.000000000,0.000000000,0.000000000,0.0000000000,0.0000000000
SNOWFLAKE_INTELLIGENCE,2026-06-22,1.667694660,0.000000000,1.667694660,0.0000000000,1.6676946600
TELEMETRY_DATA_INGEST,2026-06-22,0.000479372,0.000000000,0.000479372,0.0000000000,0.0004793720
TRUST_CENTER,2026-06-22,0.894523886,0.000000000,0.894523886,0.0000000000,0.8945238860
WAREHOUSE_METERING,2026-06-22,74.281944406,3.663414765,77.945359171,-3.6634147650,74.2819444060
AI_FUNCTIONS,2026-06-23,0.136675800,0.000000000,0.136675800,0.0000000000,0.1366758000
AI_INFERENCE,2026-06-23,0.032583000,0.000000000,0.032583000,0.0000000000,0.0325830000
AI_SERVICES,2026-06-23,1.675000000,0.000000000,1.675000000,0.0000000000,1.6750000000
AUTO_CLUSTERING,2026-06-23,0.000773691,0.000000000,0.000773691,0.0000000000,0.0007736910
CORTEX_AGENTS,2026-06-23,4.721234060,0.000000000,4.721234060,0.0000000000,4.7212340600
CORTEX_SEARCH,2026-06-23,0.000004732,0.000000000,0.000004732,0.0000000000,0.0000047320
PIPE,2026-06-23,0.000000000,0.000000000,0.000000000,0.0000000000,0.0000000000
SNOWFLAKE_INTELLIGENCE,2026-06-23,7.358352830,0.000000000,7.358352830,0.0000000000,7.3583528300
TELEMETRY_DATA_INGEST,2026-06-23,0.000454416,0.000000000,0.000454416,0.0000000000,0.0004544160
TRUST_CENTER,2026-06-23,0.919810091,0.000000000,0.919810091,0.0000000000,0.9198100910
WAREHOUSE_METERING,2026-06-23,75.628611066,4.045996983,79.674608049,-4.0459969830,75.6286110660
AI_FUNCTIONS,2026-06-24,0.860625000,0.000000000,0.860625000,0.0000000000,0.8606250000
AI_INFERENCE,2026-06-24,0.014153110,0.000000000,0.014153110,0.0000000000,0.0141531100
AUTO_CLUSTERING,2026-06-24,0.000661675,0.000000000,0.000661675,0.0000000000,0.0006616750
CORTEX_AGENTS,2026-06-24,1.551084800,0.000000000,1.551084800,0.0000000000,1.5510848000
CORTEX_CODE_DESKTOP,2026-06-24,4.635967360,0.000000000,4.635967360,0.0000000000,4.6359673600
CORTEX_SEARCH,2026-06-24,0.000000958,0.000000000,0.000000958,0.0000000000,0.0000009580
PIPE,2026-06-24,0.000000000,0.000000000,0.000000000,0.0000000000,0.0000000000
TELEMETRY_DATA_INGEST,2026-06-24,0.000268208,0.000000000,0.000268208,0.0000000000,0.0002682080
TRUST_CENTER,2026-06-24,1.024553759,0.000000000,1.024553759,0.0000000000,1.0245537590
WAREHOUSE_METERING,2026-06-24,70.589166621,2.771118324,73.360284945,-2.7711183240,70.5891666210
AI_FUNCTIONS,2026-06-25,0.069499800,0.000000000,0.069499800,0.0000000000,0.0694998000
AI_INFERENCE,2026-06-25,0.000110550,0.000000000,0.000110550,0.0000000000,0.0001105500
AI_SERVICES,2026-06-25,0.067000000,0.000000000,0.067000000,0.0000000000,0.0670000000
AUTO_CLUSTERING,2026-06-25,0.003324689,0.000000000,0.003324689,0.0000000000,0.0033246890
CORTEX_AGENTS,2026-06-25,6.600409470,0.000000000,6.600409470,0.0000000000,6.6004094700
CORTEX_CODE_DESKTOP,2026-06-25,2.884293690,0.000000000,2.884293690,0.0000000000,2.8842936900
CORTEX_CODE_SNOWSIGHT,2026-06-25,1.290218440,0.000000000,1.290218440,0.0000000000,1.2902184400
PIPE,2026-06-25,0.000000000,0.000000000,0.000000000,0.0000000000,0.0000000000
TELEMETRY_DATA_INGEST,2026-06-25,0.000575487,0.000000000,0.000575487,0.0000000000,0.0005754870
TRUST_CENTER,2026-06-25,0.986872507,0.000000000,0.986872507,0.0000000000,0.9868725070
WAREHOUSE_METERING,2026-06-25,71.207777736,2.447381624,73.655159360,-2.4473816240,71.2077777360
AI_FUNCTIONS,2026-06-26,0.187718400,0.000000000,0.187718400,0.0000000000,0.1877184000
AI_INFERENCE,2026-06-26,0.065350500,0.000000000,0.065350500,0.0000000000,0.0653505000
AI_SERVICES,2026-06-26,1.541000000,0.000000000,1.541000000,0.0000000000,1.5410000000
AUTO_CLUSTERING,2026-06-26,0.002055779,0.000000000,0.002055779,0.0000000000,0.0020557790
CORTEX_AGENTS,2026-06-26,22.604016510,0.000000000,22.604016510,0.0000000000,22.6040165100
CORTEX_CODE_DESKTOP,2026-06-26,11.534403270,0.000000000,11.534403270,0.0000000000,11.5344032700
CORTEX_CODE_SNOWSIGHT,2026-06-26,0.241528090,0.000000000,0.241528090,0.0000000000,0.2415280900
PIPE,2026-06-26,0.000000000,0.000000000,0.000000000,0.0000000000,0.0000000000
SNOWFLAKE_INTELLIGENCE,2026-06-26,2.947448810,0.000000000,2.947448810,0.0000000000,2.9474488100
TELEMETRY_DATA_INGEST,2026-06-26,0.005712121,0.000000000,0.005712121,0.0000000000,0.0057121210
TRUST_CENTER,2026-06-26,0.973016990,0.000000000,0.973016990,0.0000000000,0.9730169900
WAREHOUSE_METERING,2026-06-26,67.309999978,2.275388104,69.585388082,-2.2753881040,67.3099999780
AUTO_CLUSTERING,2026-06-27,0.000130278,0.000000000,0.000130278,0.0000000000,0.0001302780
TRUST_CENTER,2026-06-27,1.010400805,0.000000000,1.010400805,0.0000000000,1.0104008050
WAREHOUSE_METERING,2026-06-27,51.498888856,2.149470953,53.648359809,-2.1494709530,51.4988888560
AI_FUNCTIONS,2026-06-28,0.101647800,0.000000000,0.101647800,0.0000000000,0.1016478000
PIPE,2026-06-28,0.000000000,0.000000000,0.000000000,0.0000000000,0.0000000000
SNOWFLAKE_INTELLIGENCE,2026-06-28,1.386746830,0.000000000,1.386746830,0.0000000000,1.3867468300
TELEMETRY_DATA_INGEST,2026-06-28,0.000037229,0.000000000,0.000037229,0.0000000000,0.0000372290
TRUST_CENTER,2026-06-28,1.024812102,0.000000000,1.024812102,0.0000000000,1.0248121020
WAREHOUSE_METERING,2026-06-28,57.498888859,2.176899784,59.675788643,-2.1768997840,57.4988888590
AI_FUNCTIONS,2026-06-29,0.330840000,0.000000000,0.330840000,0.0000000000,0.3308400000
AI_INFERENCE,2026-06-29,0.001546500,0.000000000,0.001546500,0.0000000000,0.0015465000
AI_SERVICES,2026-06-29,0.134000000,0.000000000,0.134000000,0.0000000000,0.1340000000
AUTO_CLUSTERING,2026-06-29,0.001742001,0.000000000,0.001742001,0.0000000000,0.0017420010
COPY_FILES,2026-06-29,0.001007778,0.000000000,0.001007778,0.0000000000,0.0010077780
CORTEX_AGENTS,2026-06-29,2.789544660,0.000000000,2.789544660,0.0000000000,2.7895446600
CORTEX_CODE_SNOWSIGHT,2026-06-29,1.210818890,0.000000000,1.210818890,0.0000000000,1.2108188900
PIPE,2026-06-29,0.000000000,0.000000000,0.000000000,0.0000000000,0.0000000000
SNOWFLAKE_INTELLIGENCE,2026-06-29,3.524891970,0.000000000,3.524891970,0.0000000000,3.5248919700
TELEMETRY_DATA_INGEST,2026-06-29,0.000487850,0.000000000,0.000487850,0.0000000000,0.0004878500
TRUST_CENTER,2026-06-29,0.989887091,0.000000000,0.989887091,0.0000000000,0.9898870910
WAREHOUSE_METERING,2026-06-29,79.210833281,2.477351322,81.688184603,-2.4773513220,79.2108332810
AI_FUNCTIONS,2026-06-30,0.441981000,0.000000000,0.441981000,0.0000000000,0.4419810000
AI_INFERENCE,2026-06-30,0.031876500,0.000000000,0.031876500,0.0000000000,0.0318765000
AI_SERVICES,2026-06-30,0.201000000,0.000000000,0.201000000,0.0000000000,0.2010000000
AUTO_CLUSTERING,2026-06-30,0.001388874,0.000000000,0.001388874,0.0000000000,0.0013888740
CORTEX_AGENTS,2026-06-30,0.103149590,0.000000000,0.103149590,0.0000000000,0.1031495900
CORTEX_CODE_DESKTOP,2026-06-30,0.172506640,0.000000000,0.172506640,0.0000000000,0.1725066400
CORTEX_CODE_SNOWSIGHT,2026-06-30,0.447528180,0.000000000,0.447528180,0.0000000000,0.4475281800
PIPE,2026-06-30,0.000000000,0.000000000,0.000000000,0.0000000000,0.0000000000
SNOWFLAKE_INTELLIGENCE,2026-06-30,7.181746610,0.000000000,7.181746610,0.0000000000,7.1817466100
TELEMETRY_DATA_INGEST,2026-06-30,0.000510053,0.000000000,0.000510053,0.0000000000,0.0005100530
TRUST_CENTER,2026-06-30,0.935834585,0.000000000,0.935834585,0.0000000000,0.9358345850
WAREHOUSE_METERING,2026-06-30,83.924999944,2.640363762,86.565363706,-2.6403637620,83.9249999440
AI_FUNCTIONS,2026-07-01,0.002293200,0.000000000,0.002293200,0.0000000000,0.0022932000
AI_INFERENCE,2026-07-01,0.014619000,0.000000000,0.014619000,0.0000000000,0.0146190000
AUTO_CLUSTERING,2026-07-01,0.001391395,0.000000000,0.001391395,0.0000000000,0.0013913950
COPY_FILES,2026-07-01,0.001890555,0.000000000,0.001890555,0.0000000000,0.0018905550
CORTEX_AGENTS,2026-07-01,0.679035770,0.000000000,0.679035770,0.0000000000,0.6790357700
PIPE,2026-07-01,0.000000000,0.000000000,0.000000000,0.0000000000,0.0000000000
SNOWFLAKE_COCO_SNOWSIGHT,2026-07-01,1.083054650,0.000000000,1.083054650,0.0000000000,1.0830546500
SNOWFLAKE_COWORK,2026-07-01,1.056459030,0.000000000,1.056459030,0.0000000000,1.0564590300
TELEMETRY_DATA_INGEST,2026-07-01,0.000251196,0.000000000,0.000251196,0.0000000000,0.0002511960
TRUST_CENTER,2026-07-01,0.890947145,0.000000000,0.890947145,0.0000000000,0.8909471450
WAREHOUSE_METERING,2026-07-01,71.833333283,2.633583828,74.466917111,-2.6335838280,71.8333332830
AI_FUNCTIONS,2026-07-02,0.144212400,0.000000000,0.144212400,0.0000000000,0.1442124000
AI_INFERENCE,2026-07-02,0.000277750,0.000000000,0.000277750,0.0000000000,0.0002777500
AUTO_CLUSTERING,2026-07-02,0.002286469,0.000000000,0.002286469,0.0000000000,0.0022864690
COPY_FILES,2026-07-02,0.007467223,0.000000000,0.007467223,0.0000000000,0.0074672230
CORTEX_AGENTS,2026-07-02,4.731473300,0.000000000,4.731473300,0.0000000000,4.7314733000
PIPE,2026-07-02,0.000000000,0.000000000,0.000000000,0.0000000000,0.0000000000
SNOWFLAKE_COCO_SNOWSIGHT,2026-07-02,11.246206350,0.000000000,11.246206350,0.0000000000,11.2462063500
SNOWFLAKE_COWORK,2026-07-02,39.213770560,0.000000000,39.213770560,0.0000000000,39.2137705600
TELEMETRY_DATA_INGEST,2026-07-02,0.001483085,0.000000000,0.001483085,0.0000000000,0.0014830850
TRUST_CENTER,2026-07-02,0.932619446,0.000000000,0.932619446,0.0000000000,0.9326194460
WAREHOUSE_METERING,2026-07-02,72.182499958,2.365480089,74.547980047,-2.3654800890,72.1824999580
AI_FUNCTIONS,2026-07-03,0.012569400,0.000000000,0.012569400,0.0000000000,0.0125694000
AUTO_CLUSTERING,2026-07-03,0.001382497,0.000000000,0.001382497,0.0000000000,0.0013824970
CORTEX_AGENTS,2026-07-03,0.732691540,0.000000000,0.732691540,0.0000000000,0.7326915400
PIPE,2026-07-03,0.000000000,0.000000000,0.000000000,0.0000000000,0.0000000000
SNOWFLAKE_COCO_SNOWSIGHT,2026-07-03,2.866863850,0.000000000,2.866863850,0.0000000000,2.8668638500
SNOWFLAKE_COWORK,2026-07-03,1.498172530,0.000000000,1.498172530,0.0000000000,1.4981725300
TELEMETRY_DATA_INGEST,2026-07-03,0.000401263,0.000000000,0.000401263,0.0000000000,0.0004012630
TRUST_CENTER,2026-07-03,1.029084744,0.000000000,1.029084744,0.0000000000,1.0290847440
WAREHOUSE_METERING,2026-07-03,63.529999970,2.283478453,65.813478423,-2.2834784530,63.5299999700
AUTO_CLUSTERING,2026-07-04,0.000103056,0.000000000,0.000103056,0.0000000000,0.0001030560
TRUST_CENTER,2026-07-04,1.035461324,0.000000000,1.035461324,0.0000000000,1.0354613240
WAREHOUSE_METERING,2026-07-04,51.531666641,1.979290318,53.510956959,-1.9792903180,51.5316666410
PIPE,2026-07-05,0.000000000,0.000000000,0.000000000,0.0000000000,0.0000000000
TELEMETRY_DATA_INGEST,2026-07-05,0.000000045,0.000000000,0.000000045,0.0000000000,0.0000000450
TRUST_CENTER,2026-07-05,1.013893108,0.000000000,1.013893108,0.0000000000,1.0138931080
WAREHOUSE_METERING,2026-07-05,52.138333304,2.082131765,54.220465069,-2.0821317650,52.1383333040
AUTO_CLUSTERING,2026-07-06,0.001050886,0.000000000,0.001050886,0.0000000000,0.0010508860
CORTEX_AGENTS,2026-07-06,0.218210690,0.000000000,0.218210690,0.0000000000,0.2182106900
PIPE,2026-07-06,0.000000000,0.000000000,0.000000000,0.0000000000,0.0000000000
SNOWFLAKE_COCO_SNOWSIGHT,2026-07-06,3.034986020,0.000000000,3.034986020,0.0000000000,3.0349860200
TELEMETRY_DATA_INGEST,2026-07-06,0.000233683,0.000000000,0.000233683,0.0000000000,0.0002336830
TRUST_CENTER,2026-07-06,1.104448821,0.000000000,1.104448821,0.0000000000,1.1044488210
WAREHOUSE_METERING,2026-07-06,73.871666635,2.486590350,76.358256985,-2.4865903500,73.8716666350
AUTO_CLUSTERING,2026-07-07,0.001721576,0.000000000,0.001721576,0.0000000000,0.0017215760
PIPE,2026-07-07,0.000000000,0.000000000,0.000000000,0.0000000000,0.0000000000
SNOWFLAKE_COCO_SNOWSIGHT,2026-07-07,0.276699420,0.000000000,0.276699420,0.0000000000,0.2766994200
TELEMETRY_DATA_INGEST,2026-07-07,0.000043916,0.000000000,0.000043916,0.0000000000,0.0000439160
TRUST_CENTER,2026-07-07,1.094546172,0.000000000,1.094546172,0.0000000000,1.0945461720
WAREHOUSE_METERING,2026-07-07,75.097222174,2.445126035,77.542348209,-2.4451260350,75.0972221740
AI_INFERENCE,2026-07-08,0.000051590,0.000000000,0.000051590,0.0000000000,0.0000515900
AUTO_CLUSTERING,2026-07-08,0.000844751,0.000000000,0.000844751,0.0000000000,0.0008447510
PIPE,2026-07-08,0.000000000,0.000000000,0.000000000,0.0000000000,0.0000000000
TELEMETRY_DATA_INGEST,2026-07-08,0.000003234,0.000000000,0.000003234,0.0000000000,0.0000032340
TRUST_CENTER,2026-07-08,1.072893847,0.000000000,1.072893847,0.0000000000,1.0728938470
WAREHOUSE_METERING,2026-07-08,74.600277733,2.425746748,77.026024481,-2.4257467480,74.6002777330
AI_INFERENCE,2026-07-09,0.000067980,0.000000000,0.000067980,0.0000000000,0.0000679800
AUTO_CLUSTERING,2026-07-09,0.002630146,0.000000000,0.002630146,0.0000000000,0.0026301460
PIPE,2026-07-09,0.000000000,0.000000000,0.000000000,0.0000000000,0.0000000000
SNOWFLAKE_COCO_SNOWSIGHT,2026-07-09,0.125623980,0.000000000,0.125623980,0.0000000000,0.1256239800
TELEMETRY_DATA_INGEST,2026-07-09,0.000030835,0.000000000,0.000030835,0.0000000000,0.0000308350
TRUST_CENTER,2026-07-09,1.101703485,0.000000000,1.101703485,0.0000000000,1.1017034850
WAREHOUSE_METERING,2026-07-09,77.051666634,2.377025991,79.428692625,-2.3770259910,77.0516666340
AUTO_CLUSTERING,2026-07-10,0.000104444,0.000000000,0.000104444,0.0000000000,0.0001044440
PIPE,2026-07-10,0.000000000,0.000000000,0.000000000,0.0000000000,0.0000000000
SNOWFLAKE_COCO_SNOWSIGHT,2026-07-10,0.163004070,0.000000000,0.163004070,0.0000000000,0.1630040700
TELEMETRY_DATA_INGEST,2026-07-10,0.000022158,0.000000000,0.000022158,0.0000000000,0.0000221580
TRUST_CENTER,2026-07-10,0.722886313,0.000000000,0.722886313,0.0000000000,0.7228863130
WAREHOUSE_METERING,2026-07-10,61.377499965,2.135986472,63.513486437,-2.1359864720,61.3774999650
TRUST_CENTER,2026-07-11,0.712764115,0.000000000,0.712764115,0.0000000000,0.7127641150
WAREHOUSE_METERING,2026-07-11,50.422499974,2.108855791,52.531355765,-2.1088557910,50.4224999740
PIPE,2026-07-12,0.000000000,0.000000000,0.000000000,0.0000000000,0.0000000000
TELEMETRY_DATA_INGEST,2026-07-12,0.000000696,0.000000000,0.000000696,0.0000000000,0.0000006960
TRUST_CENTER,2026-07-12,0.690387582,0.000000000,0.690387582,0.0000000000,0.6903875820
WAREHOUSE_METERING,2026-07-12,51.831944409,2.168617244,54.000561653,-2.1686172440,51.8319444090
AI_INFERENCE,2026-07-13,0.000364980,0.000000000,0.000364980,0.0000000000,0.0003649800
PIPE,2026-07-13,0.000000000,0.000000000,0.000000000,0.0000000000,0.0000000000
TELEMETRY_DATA_INGEST,2026-07-13,0.000011917,0.000000000,0.000011917,0.0000000000,0.0000119170
TRUST_CENTER,2026-07-13,0.681279622,0.000000000,0.681279622,0.0000000000,0.6812796220
WAREHOUSE_METERING,2026-07-13,77.400833288,2.614102946,80.014936234,-2.6141029460,77.4008332880
PIPE,2026-07-14,0.000000000,0.000000000,0.000000000,0.0000000000,0.0000000000
TELEMETRY_DATA_INGEST,2026-07-14,0.000002151,0.000000000,0.000002151,0.0000000000,0.0000021510
TRUST_CENTER,2026-07-14,0.660659084,0.000000000,0.660659084,0.0000000000,0.6606590840
WAREHOUSE_METERING,2026-07-14,73.290555530,2.485381421,75.775936951,-2.4853814210,73.2905555300
PIPE,2026-07-15,0.000000000,0.000000000,0.000000000,0.0000000000,0.0000000000
SNOWFLAKE_COWORK,2026-07-15,0.754564330,0.000000000,0.754564330,0.0000000000,0.7545643300
TELEMETRY_DATA_INGEST,2026-07-15,0.000035031,0.000000000,0.000035031,0.0000000000,0.0000350310
TRUST_CENTER,2026-07-15,0.675369738,0.000000000,0.675369738,0.0000000000,0.6753697380
WAREHOUSE_METERING,2026-07-15,67.275277756,2.237816559,69.513094315,-2.2378165590,67.2752777560
AI_INFERENCE,2026-07-16,0.000135520,0.000000000,0.000135520,0.0000000000,0.0001355200
PIPE,2026-07-16,0.000000000,0.000000000,0.000000000,0.0000000000,0.0000000000
TELEMETRY_DATA_INGEST,2026-07-16,0.000000871,0.000000000,0.000000871,0.0000000000,0.0000008710
TRUST_CENTER,2026-07-16,0.738833876,0.000000000,0.738833876,0.0000000000,0.7388338760
WAREHOUSE_METERING,2026-07-16,73.972222185,2.909909652,76.882131837,-2.9099096520,73.9722221850
TRUST_CENTER,2026-07-17,0.669740089,0.000000000,0.669740089,0.0000000000,0.6697400890
WAREHOUSE_METERING,2026-07-17,53.540833307,2.188594564,55.729427871,-2.1885945640,53.5408333070
TRUST_CENTER,2026-07-18,0.729302802,0.000000000,0.729302802,0.0000000000,0.7293028020
WAREHOUSE_METERING,2026-07-18,52.182222187,2.120824658,54.303046845,-2.1208246580,52.1822221870
TRUST_CENTER,2026-07-19,0.656033644,0.000000000,0.656033644,0.0000000000,0.6560336440
WAREHOUSE_METERING,2026-07-19,53.681944419,2.208003559,55.889947978,-2.2080035590,53.6819444190
AI_INFERENCE,2026-07-20,0.000065670,0.000000000,0.000065670,0.0000000000,0.0000656700
PIPE,2026-07-20,0.000000000,0.000000000,0.000000000,0.0000000000,0.0000000000
SNOWFLAKE_COCO_SNOWSIGHT,2026-07-20,0.212947960,0.000000000,0.212947960,0.0000000000,0.2129479600
SNOWPARK_CONTAINER_SERVICES,2026-07-20,0.023100000,0.000000000,0.023100000,0.0000000000,0.0231000000
TELEMETRY_DATA_INGEST,2026-07-20,0.000034087,0.000000000,0.000034087,0.0000000000,0.0000340870
TRUST_CENTER,2026-07-20,0.756659420,0.000000000,0.756659420,0.0000000000,0.7566594200
WAREHOUSE_METERING,2026-07-20,73.049444421,2.496468611,75.545913032,-2.4964686110,73.0494444210
PIPE,2026-07-21,0.000000000,0.000000000,0.000000000,0.0000000000,0.0000000000
TELEMETRY_DATA_INGEST,2026-07-21,0.000003893,0.000000000,0.000003893,0.0000000000,0.0000038930
TRUST_CENTER,2026-07-21,0.697708320,0.000000000,0.697708320,0.0000000000,0.6977083200
WAREHOUSE_METERING,2026-07-21,72.293055521,2.573413744,74.866469265,-2.5734137440,72.2930555210
PIPE,2026-07-22,0.000000000,0.000000000,0.000000000,0.0000000000,0.0000000000
TELEMETRY_DATA_INGEST,2026-07-22,0.000005383,0.000000000,0.000005383,0.0000000000,0.0000053830
TRUST_CENTER,2026-07-22,0.686834466,0.000000000,0.686834466,0.0000000000,0.6868344660
WAREHOUSE_METERING,2026-07-22,73.949999966,2.539855993,76.489855959,-2.5398559930,73.9499999660
AI_INFERENCE,2026-07-23,0.000053570,0.000000000,0.000053570,0.0000000000,0.0000535700
PIPE,2026-07-23,0.000000000,0.000000000,0.000000000,0.0000000000,0.0000000000
SNOWPARK_CONTAINER_SERVICES,2026-07-23,0.009166667,0.000000000,0.009166667,0.0000000000,0.0091666670
TELEMETRY_DATA_INGEST,2026-07-23,0.000003845,0.000000000,0.000003845,0.0000000000,0.0000038450
TRUST_CENTER,2026-07-23,0.682803723,0.000000000,0.682803723,0.0000000000,0.6828037230
WAREHOUSE_METERING,2026-07-23,69.190833288,2.483176658,71.674009946,-2.4831766580,69.1908332880
AI_INFERENCE,2026-07-24,0.000067650,0.000000000,0.000067650,0.0000000000,0.0000676500
PIPE,2026-07-24,0.000000000,0.000000000,0.000000000,0.0000000000,0.0000000000
TELEMETRY_DATA_INGEST,2026-07-24,0.000001195,0.000000000,0.000001195,0.0000000000,0.0000011950
TRUST_CENTER,2026-07-24,0.701273100,0.000000000,0.701273100,0.0000000000,0.7012731000
WAREHOUSE_METERING,2026-07-24,73.195277732,2.535003321,75.730281053,-2.5350033210,73.1952777320
TRUST_CENTER,2026-07-25,0.697723092,0.000000000,0.697723092,0.0000000000,0.6977230920
WAREHOUSE_METERING,2026-07-25,51.972777752,2.129652311,54.102430063,-2.1296523110,51.9727777520
TRUST_CENTER,2026-07-26,0.703535090,0.000000000,0.703535090,0.0000000000,0.7035350900
WAREHOUSE_METERING,2026-07-26,54.969999981,2.199215214,57.169215195,-2.1992152140,54.9699999810
PIPE,2026-07-27,0.000000000,0.000000000,0.000000000,0.0000000000,0.0000000000
TELEMETRY_DATA_INGEST,2026-07-27,0.000000075,0.000000000,0.000000075,0.0000000000,0.0000000750
TRUST_CENTER,2026-07-27,0.718601405,0.000000000,0.718601405,0.0000000000,0.7186014050
WAREHOUSE_METERING,2026-07-27,82.566388851,2.601047243,85.167436094,-2.6010472430,82.5663888510
CORTEX_AGENTS,2026-07-28,0.256340310,0.000000000,0.256340310,0.0000000000,0.2563403100
PIPE,2026-07-28,0.000000000,0.000000000,0.000000000,0.0000000000,0.0000000000
TELEMETRY_DATA_INGEST,2026-07-28,0.000015243,0.000000000,0.000015243,0.0000000000,0.0000152430
TRUST_CENTER,2026-07-28,0.833085341,0.000000000,0.833085341,0.0000000000,0.8330853410
WAREHOUSE_METERING,2026-07-28,80.669722178,2.494574515,83.164296693,-2.4945745150,80.6697221780
PIPE,2026-07-29,0.000000000,0.000000000,0.000000000,0.0000000000,0.0000000000
SNOWFLAKE_COCO_SNOWSIGHT,2026-07-29,0.076673560,0.000000000,0.076673560,0.0000000000,0.0766735600
TELEMETRY_DATA_INGEST,2026-07-29,0.000011288,0.000000000,0.000011288,0.0000000000,0.0000112880
TRUST_CENTER,2026-07-29,0.765960168,0.000000000,0.765960168,0.0000000000,0.7659601680
WAREHOUSE_METERING,2026-07-29,74.235833292,2.583720324,76.819553616,-2.5837203240,74.2358332920
PIPE,2026-07-30,0.000000000,0.000000000,0.000000000,0.0000000000,0.0000000000
SNOWFLAKE_COCO_SNOWSIGHT,2026-07-30,0.632177660,0.000000000,0.632177660,0.0000000000,0.6321776600
TELEMETRY_DATA_INGEST,2026-07-30,0.000067474,0.000000000,0.000067474,0.0000000000,0.0000674740
TRUST_CENTER,2026-07-30,0.772113411,0.000000000,0.772113411,0.0000000000,0.7721134110
WAREHOUSE_METERING,2026-07-30,66.405277750,2.604659475,69.009937225,-2.6046594750,66.4052777500
PIPE,2026-07-31,0.000000000,0.000000000,0.000000000,0.0000000000,0.0000000000
TELEMETRY_DATA_INGEST,2026-07-31,0.000000512,0.000000000,0.000000512,0.0000000000,0.0000005120
TRUST_CENTER,2026-07-31,0.893015772,0.000000000,0.893015772,0.0000000000,0.8930157720
WAREHOUSE_METERING,2026-07-31,72.488888847,2.517120127,75.006008974,-2.5171201270,72.4888888470
TRUST_CENTER,2026-08-01,0.907941918,0.000000000,0.907941918,0.0000000000,0.9079419180
WAREHOUSE_METERING,2026-08-01,54.052777749,2.168659808,56.221437557,-2.1686598080,54.0527777490
TRUST_CENTER,2026-08-02,0.896241832,0.000000000,0.896241832,0.0000000000,0.8962418320
WAREHOUSE_METERING,2026-08-02,54.265555524,2.335459935,56.601015459,-2.3354599350,54.2655555240
PIPE,2026-08-03,0.000000000,0.000000000,0.000000000,0.0000000000,0.0000000000
TELEMETRY_DATA_INGEST,2026-08-03,0.000000147,0.000000000,0.000000147,0.0000000000,0.0000001470
TRUST_CENTER,2026-08-03,0.945191392,0.000000000,0.945191392,0.0000000000,0.9451913920
WAREHOUSE_METERING,2026-08-03,75.944999958,2.669627601,78.614627559,-2.6696276010,75.9449999580
PIPE,2026-08-04,0.000000000,0.000000000,0.000000000,0.0000000000,0.0000000000
TELEMETRY_DATA_INGEST,2026-08-04,0.000000088,0.000000000,0.000000088,0.0000000000,0.0000000880
TRUST_CENTER,2026-08-04,0.828230218,0.000000000,0.828230218,0.0000000000,0.8282302180
WAREHOUSE_METERING,2026-08-04,68.473055520,2.624859316,71.097914836,-2.6248593160,68.4730555200
AI_INFERENCE,2026-08-05,0.000063910,0.000000000,0.000063910,0.0000000000,0.0000639100
PIPE,2026-08-05,0.000000000,0.000000000,0.000000000,0.0000000000,0.0000000000
TELEMETRY_DATA_INGEST,2026-08-05,0.000001497,0.000000000,0.000001497,0.0000000000,0.0000014970
TRUST_CENTER,2026-08-05,0.881999968,0.000000000,0.881999968,0.0000000000,0.8819999680
WAREHOUSE_METERING,2026-08-05,68.518333295,2.399887223,70.918220518,-2.3998872230,68.5183332950
AI_INFERENCE,2026-08-06,0.000301180,0.000000000,0.000301180,0.0000000000,0.0003011800
CORTEX_AGENTS,2026-08-06,0.200323620,0.000000000,0.200323620,0.0000000000,0.2003236200
PIPE,2026-08-06,0.000000000,0.000000000,0.000000000,0.0000000000,0.0000000000
TELEMETRY_DATA_INGEST,2026-08-06,0.000009926,0.000000000,0.000009926,0.0000000000,0.0000099260
TRUST_CENTER,2026-08-06,0.931321622,0.000000000,0.931321622,0.0000000000,0.9313216220
WAREHOUSE_METERING,2026-08-06,72.766111076,2.508394558,75.274505634,-2.5083945580,72.7661110760
AI_INFERENCE,2026-08-07,0.000172920,0.000000000,0.000172920,0.0000000000,0.0001729200
PIPE,2026-08-07,0.000000000,0.000000000,0.000000000,0.0000000000,0.0000000000
SNOWFLAKE_COCO_SNOWSIGHT,2026-08-07,0.696397730,0.000000000,0.696397730,0.0000000000,0.6963977300
TELEMETRY_DATA_INGEST,2026-08-07,0.000076756,0.000000000,0.000076756,0.0000000000,0.0000767560
TRUST_CENTER,2026-08-07,0.916503884,0.000000000,0.916503884,0.0000000000,0.9165038840
WAREHOUSE_METERING,2026-08-07,66.416111067,2.451111680,68.867222747,-2.4511116800,66.4161110670
TRUST_CENTER,2026-08-08,0.824490132,0.000000000,0.824490132,0.0000000000,0.8244901320
WAREHOUSE_METERING,2026-08-08,50.966944414,2.089854610,53.056799024,-2.0898546100,50.9669444140
TRUST_CENTER,2026-08-09,0.826409717,0.000000000,0.826409717,0.0000000000,0.8264097170
WAREHOUSE_METERING,2026-08-09,55.252222194,2.322446356,57.574668550,-2.3224463560,55.2522221940
PIPE,2026-08-10,0.000000000,0.000000000,0.000000000,0.0000000000,0.0000000000
TELEMETRY_DATA_INGEST,2026-08-10,0.000000694,0.000000000,0.000000694,0.0000000000,0.0000006940
TRUST_CENTER,2026-08-10,0.849450129,0.000000000,0.849450129,0.0000000000,0.8494501290
WAREHOUSE_METERING,2026-08-10,80.057777730,2.475737937,82.533515667,-2.4757379370,80.0577777300
PIPE,2026-08-11,0.000000000,0.000000000,0.000000000,0.0000000000,0.0000000000
TELEMETRY_DATA_INGEST,2026-08-11,0.000006620,0.000000000,0.000006620,0.0000000000,0.0000066200
TRUST_CENTER,2026-08-11,0.882768661,0.000000000,0.882768661,0.0000000000,0.8827686610
WAREHOUSE_METERING,2026-08-11,82.297499965,2.938761221,85.236261186,-2.9387612210,82.2974999650
PIPE,2026-08-12,0.000000000,0.000000000,0.000000000,0.0000000000,0.0000000000
TELEMETRY_DATA_INGEST,2026-08-12,0.000003423,0.000000000,0.000003423,0.0000000000,0.0000034230
TRUST_CENTER,2026-08-12,0.864468907,0.000000000,0.864468907,0.0000000000,0.8644689070
WAREHOUSE_METERING,2026-08-12,77.353611061,2.525172405,79.878783466,-2.5251724050,77.3536110610
PIPE,2026-08-13,0.000000000,0.000000000,0.000000000,0.0000000000,0.0000000000
TELEMETRY_DATA_INGEST,2026-08-13,0.000002056,0.000000000,0.000002056,0.0000000000,0.0000020560
TRUST_CENTER,2026-08-13,0.848794612,0.000000000,0.848794612,0.0000000000,0.8487946120
WAREHOUSE_METERING,2026-08-13,67.596388847,2.439427512,70.035816359,-2.4394275120,67.5963888470
PIPE,2026-08-14,0.000000000,0.000000000,0.000000000,0.0000000000,0.0000000000
TELEMETRY_DATA_INGEST,2026-08-14,0.000000059,0.000000000,0.000000059,0.0000000000,0.0000000590
TRUST_CENTER,2026-08-14,0.837867893,0.000000000,0.837867893,0.0000000000,0.8378678930
WAREHOUSE_METERING,2026-08-14,57.849999971,2.347791796,60.197791767,-2.3477917960,57.8499999710
TRUST_CENTER,2026-08-15,0.835591849,0.000000000,0.835591849,0.0000000000,0.8355918490
WAREHOUSE_METERING,2026-08-15,51.389166643,2.141885772,53.531052415,-2.1418857720,51.3891666430
TRUST_CENTER,2026-08-16,0.851296498,0.000000000,0.851296498,0.0000000000,0.8512964980
WAREHOUSE_METERING,2026-08-16,49.446388855,2.210144959,51.656533814,-2.2101449590,49.4463888550
TRUST_CENTER,2026-08-17,0.869472349,0.000000000,0.869472349,0.0000000000,0.8694723490
WAREHOUSE_METERING,2026-08-17,55.328611070,2.505578606,57.834189676,-2.5055786060,55.3286110700
PIPE,2026-08-18,0.000000000,0.000000000,0.000000000,0.0000000000,0.0000000000
TELEMETRY_DATA_INGEST,2026-08-18,0.000000441,0.000000000,0.000000441,0.0000000000,0.0000004410
TRUST_CENTER,2026-08-18,0.901059680,0.000000000,0.901059680,0.0000000000,0.9010596800
WAREHOUSE_METERING,2026-08-18,67.773333302,2.618474989,70.391808291,-2.6184749890,67.7733333020
PIPE,2026-08-19,0.000000000,0.000000000,0.000000000,0.0000000000,0.0000000000
TELEMETRY_DATA_INGEST,2026-08-19,0.000001713,0.000000000,0.000001713,0.0000000000,0.0000017130
TRUST_CENTER,2026-08-19,0.915817433,0.000000000,0.915817433,0.0000000000,0.9158174330
WAREHOUSE_METERING,2026-08-19,65.870277744,2.473725700,68.344003444,-2.4737257000,65.8702777440
PIPE,2026-08-20,0.000000000,0.000000000,0.000000000,0.0000000000,0.0000000000
TELEMETRY_DATA_INGEST,2026-08-20,0.000000761,0.000000000,0.000000761,0.0000000000,0.0000007610
TRUST_CENTER,2026-08-20,0.886123865,0.000000000,0.886123865,0.0000000000,0.8861238650
WAREHOUSE_METERING,2026-08-20,69.472777742,2.878435545,72.351213287,-2.8784355450,69.4727777420
PIPE,2026-08-21,0.000000000,0.000000000,0.000000000,0.0000000000,0.0000000000
TELEMETRY_DATA_INGEST,2026-08-21,0.000001356,0.000000000,0.000001356,0.0000000000,0.0000013560
TRUST_CENTER,2026-08-21,0.902448929,0.000000000,0.902448929,0.0000000000,0.9024489290
WAREHOUSE_METERING,2026-08-21,71.744722196,2.648326665,74.393048861,-2.6483266650,71.7447221960
TRUST_CENTER,2026-08-22,0.822367712,0.000000000,0.822367712,0.0000000000,0.8223677120
WAREHOUSE_METERING,2026-08-22,52.114444416,2.125750451,54.240194867,-2.1257504510,52.1144444160
TRUST_CENTER,2026-08-23,0.832074145,0.000000000,0.832074145,0.0000000000,0.8320741450
WAREHOUSE_METERING,2026-08-23,51.515555523,2.231776689,53.747332212,-2.2317766890,51.5155555230
PIPE,2026-08-24,0.000000000,0.000000000,0.000000000,0.0000000000,0.0000000000
TELEMETRY_DATA_INGEST,2026-08-24,0.000000015,0.000000000,0.000000015,0.0000000000,0.0000000150
TRUST_CENTER,2026-08-24,0.877275956,0.000000000,0.877275956,0.0000000000,0.8772759560
WAREHOUSE_METERING,2026-08-24,114.822499938,2.597042250,117.419542188,-2.5970422500,114.8224999380
PIPE,2026-08-25,0.000000000,0.000000000,0.000000000,0.0000000000,0.0000000000
TELEMETRY_DATA_INGEST,2026-08-25,0.000000076,0.000000000,0.000000076,0.0000000000,0.0000000760
TRUST_CENTER,2026-08-25,0.825904405,0.000000000,0.825904405,0.0000000000,0.8259044050
WAREHOUSE_METERING,2026-08-25,80.484444396,2.603727685,83.088172081,-2.6037276850,80.4844443960
PIPE,2026-08-26,0.000000000,0.000000000,0.000000000,0.0000000000,0.0000000000
TELEMETRY_DATA_INGEST,2026-08-26,0.000000046,0.000000000,0.000000046,0.0000000000,0.0000000460
TRUST_CENTER,2026-08-26,0.945126630,0.000000000,0.945126630,0.0000000000,0.9451266300
WAREHOUSE_METERING,2026-08-26,67.107777738,2.774410514,69.882188252,-2.7744105140,67.1077777380
AI_INFERENCE,2026-08-27,0.000258390,0.000000000,0.000258390,0.0000000000,0.0002583900
AUTO_CLUSTERING,2026-08-27,0.000107223,0.000000000,0.000107223,0.0000000000,0.0001072230
PIPE,2026-08-27,0.000000000,0.000000000,0.000000000,0.0000000000,0.0000000000
TELEMETRY_DATA_INGEST,2026-08-27,0.000000105,0.000000000,0.000000105,0.0000000000,0.0000001050
TRUST_CENTER,2026-08-27,0.938577071,0.000000000,0.938577071,0.0000000000,0.9385770710
WAREHOUSE_METERING,2026-08-27,68.797499957,2.681476289,71.478976246,-2.6814762890,68.7974999570
PIPE,2026-08-28,0.000000000,0.000000000,0.000000000,0.0000000000,0.0000000000
TELEMETRY_DATA_INGEST,2026-08-28,0.000000122,0.000000000,0.000000122,0.0000000000,0.0000001220
TRUST_CENTER,2026-08-28,0.912485679,0.000000000,0.912485679,0.0000000000,0.9124856790
WAREHOUSE_METERING,2026-08-28,70.994722196,4.330289302,75.325011498,-4.3302893020,70.9947221960
TRUST_CENTER,2026-08-29,0.838491478,0.000000000,0.838491478,0.0000000000,0.8384914780
WAREHOUSE_METERING,2026-08-29,50.643333303,2.106816862,52.750150165,-2.1068168620,50.6433333030
TRUST_CENTER,2026-08-30,0.832737028,0.000000000,0.832737028,0.0000000000,0.8327370280
WAREHOUSE_METERING,2026-08-30,51.238333314,2.229317721,53.467651035,-2.2293177210,51.2383333140
PIPE,2026-08-31,0.000000000,0.000000000,0.000000000,0.0000000000,0.0000000000
TELEMETRY_DATA_INGEST,2026-08-31,0.000000045,0.000000000,0.000000045,0.0000000000,0.0000000450
TRUST_CENTER,2026-08-31,0.918824774,0.000000000,0.918824774,0.0000000000,0.9188247740
WAREHOUSE_METERING,2026-08-31,76.344166622,3.589238101,79.933404723,-3.5892381010,76.3441666220
AI_FUNCTIONS,2026-09-01,0.005863404,0.000000000,0.005863404,0.0000000000,0.0058634040
PIPE,2026-09-01,0.000000000,0.000000000,0.000000000,0.0000000000,0.0000000000
SNOWFLAKE_COCO_SNOWSIGHT,2026-09-01,2.870492930,0.000000000,2.870492930,0.0000000000,2.8704929300
SNOWFLAKE_COWORK,2026-09-01,0.086722670,0.000000000,0.086722670,0.0000000000,0.0867226700
SNOWPARK_CONTAINER_SERVICES,2026-09-01,2.051744441,0.000000000,2.051744441,0.0000000000,2.0517444410
TELEMETRY_DATA_INGEST,2026-09-01,0.001397359,0.000000000,0.001397359,0.0000000000,0.0013973590
TRUST_CENTER,2026-09-01,0.901546866,0.000000000,0.901546866,0.0000000000,0.9015468660
WAREHOUSE_METERING,2026-09-01,89.710833289,3.371021073,93.081854362,-3.3710210730,89.7108332890
PIPE,2026-09-02,0.000000000,0.000000000,0.000000000,0.0000000000,0.0000000000
SNOWPARK_CONTAINER_SERVICES,2026-09-02,0.694344442,0.000000000,0.694344442,0.0000000000,0.6943444420
TELEMETRY_DATA_INGEST,2026-09-02,0.000385892,0.000000000,0.000385892,0.0000000000,0.0003858920
TRUST_CENTER,2026-09-02,1.013769481,0.000000000,1.013769481,0.0000000000,1.0137694810
WAREHOUSE_METERING,2026-09-02,70.682222186,2.792910250,73.475132436,-2.7929102500,70.6822221860
PIPE,2026-09-03,0.000000000,0.000000000,0.000000000,0.0000000000,0.0000000000
SNOWFLAKE_COCO_SNOWSIGHT,2026-09-03,0.034308932,0.000000000,0.034308932,0.0000000000,0.0343089320
SNOWPARK_CONTAINER_SERVICES,2026-09-03,0.009166667,0.000000000,0.009166667,0.0000000000,0.0091666670
TELEMETRY_DATA_INGEST,2026-09-03,0.000006392,0.000000000,0.000006392,0.0000000000,0.0000063920
TRUST_CENTER,2026-09-03,1.040551468,0.000000000,1.040551468,0.0000000000,1.0405514680
WAREHOUSE_METERING,2026-09-03,70.181388860,2.800118972,72.981507832,-2.8001189720,70.1813888600
TRUST_CENTER,2026-09-04,1.061086324,0.000000000,1.061086324,0.0000000000,1.0610863240
WAREHOUSE_METERING,2026-09-04,71.363611065,2.495956065,73.859567130,-2.4959560650,71.3636110650
PIPE,2026-09-05,0.000000000,0.000000000,0.000000000,0.0000000000,0.0000000000
SNOWPARK_CONTAINER_SERVICES,2026-09-05,0.009166667,0.000000000,0.009166667,0.0000000000,0.0091666670
TELEMETRY_DATA_INGEST,2026-09-05,0.000000017,0.000000000,0.000000017,0.0000000000,0.0000000170
TRUST_CENTER,2026-09-05,1.014695745,0.000000000,1.014695745,0.0000000000,1.0146957450
WAREHOUSE_METERING,2026-09-05,53.057499986,2.292401924,55.349901910,-2.2924019240,53.0574999860
TRUST_CENTER,2026-09-06,0.990551740,0.000000000,0.990551740,0.0000000000,0.9905517400
WAREHOUSE_METERING,2026-09-06,55.311666653,2.499644725,57.811311378,-2.4996447250,55.3116666530
PIPE,2026-09-07,0.000000000,0.000000000,0.000000000,0.0000000000,0.0000000000
SNOWFLAKE_COCO_SNOWSIGHT,2026-09-07,0.500731387,0.000000000,0.500731387,0.0000000000,0.5007313870
TELEMETRY_DATA_INGEST,2026-09-07,0.000064237,0.000000000,0.000064237,0.0000000000,0.0000642370
TRUST_CENTER,2026-09-07,1.029856931,0.000000000,1.029856931,0.0000000000,1.0298569310
WAREHOUSE_METERING,2026-09-07,91.427777729,3.188610985,94.616388714,-3.1886109850,91.4277777290
PIPE,2026-09-08,0.000000000,0.000000000,0.000000000,0.0000000000,0.0000000000
SNOWFLAKE_COCO_SNOWSIGHT,2026-09-08,0.746315201,0.000000000,0.746315201,0.0000000000,0.7463152010
TELEMETRY_DATA_INGEST,2026-09-08,0.000083178,0.000000000,0.000083178,0.0000000000,0.0000831780
TRUST_CENTER,2026-09-08,1.047907203,0.000000000,1.047907203,0.0000000000,1.0479072030
WAREHOUSE_METERING,2026-09-08,72.978611077,3.042872572,76.021483649,-3.0428725720,72.9786110770
PIPE,2026-09-09,0.000000000,0.000000000,0.000000000,0.0000000000,0.0000000000
TELEMETRY_DATA_INGEST,2026-09-09,0.000000030,0.000000000,0.000000030,0.0000000000,0.0000000300
TRUST_CENTER,2026-09-09,1.065059035,0.000000000,1.065059035,0.0000000000,1.0650590350
WAREHOUSE_METERING,2026-09-09,71.565277766,2.819521958,74.384799724,-2.8195219580,71.5652777660
PIPE,2026-09-10,0.000000000,0.000000000,0.000000000,0.0000000000,0.0000000000
SNOWFLAKE_COCO_SNOWSIGHT,2026-09-10,0.416099238,0.000000000,0.416099238,0.0000000000,0.4160992380
TELEMETRY_DATA_INGEST,2026-09-10,0.000038663,0.000000000,0.000038663,0.0000000000,0.0000386630
TRUST_CENTER,2026-09-10,1.037226125,0.000000000,1.037226125,0.0000000000,1.0372261250
WAREHOUSE_METERING,2026-09-10,72.215555554,2.742283332,74.957838886,-2.7422833320,72.2155555540
PIPE,2026-09-11,0.000000000,0.000000000,0.000000000,0.0000000000,0.0000000000
TELEMETRY_DATA_INGEST,2026-09-11,0.000000291,0.000000000,0.000000291,0.0000000000,0.0000002910
TRUST_CENTER,2026-09-11,0.991417813,0.000000000,0.991417813,0.0000000000,0.9914178130
WAREHOUSE_METERING,2026-09-11,63.987499963,2.478605945,66.466105908,-2.4786059450,63.9874999630
TRUST_CENTER,2026-09-12,0.991202195,0.000000000,0.991202195,0.0000000000,0.9912021950
WAREHOUSE_METERING,2026-09-12,53.843611095,2.242853449,56.086464544,-2.2428534490,53.8436110950
TRUST_CENTER,2026-09-13,0.973267946,0.000000000,0.973267946,0.0000000000,0.9732679460
WAREHOUSE_METERING,2026-09-13,57.263888874,2.632027606,59.895916480,-2.6320276060,57.2638888740
PIPE,2026-09-14,0.000000000,0.000000000,0.000000000,0.0000000000,0.0000000000
TELEMETRY_DATA_INGEST,2026-09-14,0.000000122,0.000000000,0.000000122,0.0000000000,0.0000001220
TRUST_CENTER,2026-09-14,0.240277865,0.000000000,0.240277865,0.0000000000,0.2402778650
WAREHOUSE_METERING,2026-09-14,28.558333326,0.611174570,29.169507896,-0.6111745700,28.5583333260
